ImageIndex,FindingLabel,BBoxX,BBoxY,BBoxW,BBoxH
00000211_010.png,Atelectasis,353.084745762712,535.087013373941,101.966101694915,168.135593220339
00000211_041.png,Cardiomegaly,224,416.849725238347,512,430.64406779661
00000211_019.png,Cardiomegaly,340.067796610169,422.779661016949,501.152542372881,406.779661016949
00000211_016.png,Infiltrate,237.307936507937,465.94708994709,230.806349206349,328.330158730159
